
{
    "name": "flare",
    "children": [
        {
            "name": "IB",
            "children": [
                {
                    "name": "Legal Entity Booking Rule",
                    "children": [
                       {"name": "Legal guidance", "size": 743},
                       {"name": "Reg Permissions", "size": 743},
                       {"name": "Product Capability", "size": 743},
                       {"name": "Other Considerations", "size": 743}
                    ]
                }
            ]  
        },
     {
         "name": "London1234",
         "children": [
             {
                 "name": "Legal Entity Booking Rule",
                 "children": [
                    {"name": "Legal guidance", "size": 3938},
                    {"name": "Reg Permissions", "size":3938},
                    {"name": "Product Capability", "size": 3938},
                    {"name": "Other Considerations", "size":3938}
                 ]
             }
         ]  
     },
     {
        "name": "BNYMIL",
        "children": [
            {
                "name": "Legal Entity Booking Rule",
                "children": [
                   {"name": "Legal guidance", "size": 743},
                   {"name": "Reg Permissions", "size": 743},
                   {"name": "Product Capability", "size": 743},
                   {"name": "Other Considerations", "size": 743}
                ]
            }
        ]  
    },
    {
        "name": "Brussels",
        "children": [
            {
                "name": "Legal Entity Booking Rule",
                "children": [
                   {"name": "Legal guidance", "size": 743},
                   {"name": "Reg Permissions", "size": 743},
                   {"name": "Product Capability", "size": 743},
                   {"name": "Other Considerations", "size": 743}
                ]
            }
        ]  
    },
    {
        "name": "Luxembourg",
        "children": [
            {
                "name": "Legal Entity Booking Rule",
                "children": [
                   {"name": "Legal guidance", "size": 743},
                   {"name": "Reg Permissions", "size": 743},
                   {"name": "Product Capability", "size": 743},
                   {"name": "Other Considerations", "size": 743}
                ]
            }
        ]  
    },
    {
        "name": "frankfurt",
        "children": [
            {
                "name": "Legal Entity Booking Rule",
                "children": [
                   {"name": "Legal guidance", "size": 743},
                   {"name": "Reg Permissions", "size": 743},
                   {"name": "Product Capability", "size": 743},
                   {"name": "Other Considerations", "size": 743}
                ]
            }
        ]  
    },
    {
        "name": "Paris",
        "children": [
            {
                "name": "Legal Entity Booking Rule",
                "children": [
                   {"name": "Legal guidance", "size": 743},
                   {"name": "Reg Permissions", "size": 743},
                   {"name": "Product Capability", "size": 743},
                   {"name": "Other Considerations", "size": 743}
                ]
            }
        ]  
    }
    ]
}