
{
    "name": "flare",
    "children": [
		{
			"name": "BNYM - LONDON BRANCH (00270)",
			"children": [
				{
				   "name": "BNYM - LONDON BRANCH (00270)","details":{"title":"BNYM - LONDON BRANCH (00270)",
					   "body":"step 1: Legal Guidance <br/> step 2 & 3: Reg Permissions <br/> Step 4: Product Capability <br/> step 5: RAG or Other Considerations"},
					"children": [ 
					   {"name": "Legal guidance", "size":6714,"finalSize":4, "details":
						   {"title":"legal guidance",
							   "rating":3,
						   "body":"BNYM does not currently have any local depositaries established in Denmark.  If you wish to explore the possibility of a BNYM Entity providing these types of depositary services in Denmark, please contact the BNYM legal team for further information and advice on a case-by-case basis."}},
					   {"name": "Reg Permissions", "size": 6714,"finalSize":4, "details":{"title":"Reg Permissions","body":" LE has the license and is local to the London <br/> MiFID IS A1: Reception and transmission of orders in relation to one or more financial instruments. <br/> MiFID IS A2: Execution of orders on behalf of clients.<br/> MiFID AS B1: Safekeeping and administration of financial instruments for the account of clients, including custodianship and related services such as cash/collateral management and excluding maintaining securities accounts at the top tier level"}},
					   {"name": "Product Capability", "size":  6714,"finalSize":4, "details":{"title":"Product Capability","body":"BNYM - LONDON BRANCH (00270)"}},
					   {"name": "Other Considerations", "size": 6714,"finalSize":4, "details":{"title":"Other Considerations","body":"Custody booked to London Branch must consider CASS requirements"}}
					],
					"finalSize":4
				}
			]  
		},
		{
			"name": "Luxembourg Branch (00315)",
			"children": [
				{
					"name": "BNY Mellon SA/NV, Luxembourg Branch (00315)","details":{"title":"BNY Mellon SA/NV, Luxembourg Branch (00315)",
						"body":"step 1: Legal Guidance <br/> step 2 & 3: Reg Permissions  <br/> Step 4: Product Capability  <br/> step 5: RAG or Other Considerations"},
					"children": [
					   {"name": "Legal guidance", "size":2822,"finalSize":4,"details":
							{"title":"legal guidance",
								"rating":3,
							"body":"BNYM does not currently have any local depositaries established in Denmark.  If you wish to explore the possibility of a BNYM Entity providing these types of depositary services in Denmark, please contact the BNYM legal team for further information and advice on a case-by-case basis."}},
					   {"name": "Reg Permissions", "size": 2822,"finalSize":4, "details":{"title":"Reg Permissions","body":"BNYM does not currently have any local depositaries established in Denmark.  If you wish to explore the possibility of a BNYM Entity providing these types of depositary services in Denmark, please contact the BNYM legal team for further information and advice on a case-by-case basis."}},
					   {"name": "Product Capability", "size": 2822,"finalSize":4, "details":{"title":"Product Capability","body":"BNY Mellon SA/NV, Luxembourg Branch (00315)"}},
					   {"name": "Other Considerations", "size":2822,"finalSize":4,"details":{"title":"Other Considerations","body":"Legal Entity not taking new business"}}
					],
					"finalSize":4
				}
			]  
		},
        {
            "name": "IB",
            "children": [
                {
                    "name": "BNYM - INSTITUTIONAL BANK (00111)","details":{"title":"BNYM - INSTITUTIONAL BANK (00111)",
						"body":"step 1: Legal Guidance <br/> step 2 & 3: Reg Permissions <br/> Step 4: Product Capability <br/> step 5: RAG or Other Considerations"},
                    "children": [
                       {"name": "Legal guidance", "size": 1732,"finalSize":2},
                       {"name": "Reg Permissions", "size": 1732, "finalSize":2},
                       {"name": "Product Capability", "size": 1732,"finalSize":4},
                       {"name": "Other Considerations", "size": 1732,"finalSize":4}
					],
					"finalSize":2
                }
            ]  
        },
    
     {
        "name": "BNYMIL",
        "children": [
            {
				"name": "Legal Entity Booking  waterfall Rule","details":{"title":"Legal Entity Booking  Waterfall Rule",
					"body":"step 1: Legal Guidance <br/> step 2 & 3: Reg Permissions <br/> Step 4: Product Capability <br/>step 5: RAG or Other Considerations"},
                "children": [
                   {"name": "Legal guidance", "size": 743,"finalSize":1},
                   {"name": "Reg Permissions", "size": 743,"finalSize":2},
                   {"name": "Product Capability", "size": 743,"finalSize":4},
                   {"name": "Other Considerations", "size": 743,"finalSize":1}
				],
				"finalSize":1
            }
        ]  
    },
    {
        "name": "Brussels",
        "children": [
            {
                "name": "Legal Entity Booking Rule",
                "children": [
                   {"name": "Legal guidance", "size":743,"finalSize":2},
                   {"name": "Reg Permissions", "size": 743,"finalSize":2},
                   {"name": "Product Capability", "size": 743,"finalSize":3},
                   {"name": "Other Considerations", "size": 743,"finalSize":1}
				],
				"finalSize":1
            }
        ]  
    },
    
    {
        "name": "frankfurt",
        "children": [
            {
                "name": "Legal Entity Booking  waterfall Rule","details":{"title":"Legal Entity Booking  Waterfall Rule",
					"body":"step 1: Legal Guidance <br/> step 2 & 3: Reg Permissions <br/> Step 4: Product Capability <br/> step 5: RAG or Other Considerations"},
                "children": [
                   {"name": "Legal guidance", "size":1732, "finalSize":2},
                   {"name": "Reg Permissions", "size": 1732, "finalSize":2},
                   {"name": "Product Capability", "size": 1732, "finalSize":3},
				   {"name": "Other Considerations", "size": 1732, "finalSize":3}
				],
				"finalSize":2
			}
        ]
    },
    {
        "name": "Paris",
        "children": [
            {
                "name": "Legal Entity Booking  waterfall Rule","details":{"title":"Legal Entity Booking  Waterfall Rule",
					"body":"step 1: Legal Guidance <br/> step 2 & 3: Reg Permissions <br/> Step 4: Product Capability <br/> step 5: RAG or Other Considerations"},
                "children": [
                   {"name": "Reg Permissions", "size": 743, "finalSize":1},
                   {"name": "Product Capability", "size": 743, "finalSize":1}
				],
				"finalSize":1
            }
        ]  
	}

	]
}