{
    "name": "testData",
    "lobdata": [
		{
			"Country": "United Kingdom",
			"LOB": [
				{
				   "name": "Consumer Banking",
					"children": [ 
					   {"name": "Savings Accounts","size":6714,"finalSize":4},
					   {"name": "Credit Cards","size":6714,"finalSize":4},
					   {"name": "Mortgages","size":6714,"finalSize":4},
					   {"name": "Home euity loans","size":6714,"finalSize":4},
					   {"name": "personal loans","size":6714,"finalSize":4}
					],
					"finalSize":5
				},
				{
				   "name":"Samlla Business Banking",
				   "products":[
					  {"name":"Checking  Products","size":6714,"finalSize":4},
					  {"name":"Credit Products","size":6714,"finalSize":4},
					  {"name":"Cash Managemant","size":6714,"finalSize":4}
				   ],
				   "finalSize":3
				},
				{
				   "name":"Property and Casualty Insurance",
				   "products":[{"name":"Umbrella Policy","size":6714,"finalSize":4},
					{"name":"Excess Insurance","size":6714,"finalSize":4},
					  {"name":"Commercial Auto","size":6714,"finalSize":4},
					  {"name":"State Disability","size":6714,"finalSize":4}
				   ],
				   "finalSize":3
				}
			]  
		},
		{
			"Country": "United States",
			"LOB": [
				{
					"name": "Reinsurance",
					"products": [
					   {"name": "Casualty","size":6714,"finalSize":4},
					   {"name": "Property Catastrophe","size":6714,"finalSize":4},
					   {"name": "Property Risk","size":6714,"finalSize":4},
					   {"name": "Specialty","size":6714,"finalSize":4}
					],
					"finalSize":4
				},
				{
				   "name":"Retail Brokerage",
				   "products":[
					  {"name":"Asset Allocation","size":6714,"finalSize":4},
					  {"name":"Retirement Planning","size":6714,"finalSize":4},
					  {"name":"Estate Planning","size":6714,"finalSize":4}
				   ],
					"finalSize":3
				},
				{
				   "name":"Samlla Business Banking",
				   "products":[
					  {"name":"Checking  Products","size":6714,"finalSize":4},
					  {"name":"Credit Products","size":6714,"finalSize":4},
					  {"name":"Cash Managemant" ,"size":6714,"finalSize":4}
				   ],
				   "finalSize":3
				}
			]  
		}

	]
}