{
	[
	{
	"Country" : "United Kingdom",
	"LOB" :[ {
			"name" : "Consumer Banking",
			"products" : [ 
				{"name" : "Savings Accounts"},
				{"name" : "Debit Cards"},
				{"name" : "Credit Cards"},
				{"name" : "Mortgages"},
				{"name" : "Home euity loans"},
				{"name" : "personal loans"}]
			},
			{
				"name" : "Samlla Business Banking",
				"products" : [ 
					{"name" : "Checking  Products"},
					{"name" : "Credit Products"},
					{"name" : "Cash Managemant"}]
			},
			{
				"name" : "Mergers and Aquisitions",
				"products" : []
			},
			{
				"name" : "Property and Casualty Insurance",
				"products" : [ 
					{"name" : "Umbrella Policy"},
					{"name" : "Excess Insurance"},
					{"name" : "Commercial Auto"},
					{"name" : "State Disability"}]
			}]
		},
	{
		"Country" : "United States",
		"LOB" : [{
				"name" : "Reinsurance",
				"products" : [ 
					{"name" : "Casualty"},
					{"name" : "Property Catastrophe"},
					{"name" : "Property Risk"},
					{"name" : "Specialty"}
					]
				},
				{
				"name" : "Retail Brokerage",
				"products" : [ 
					{"name" : "Asset Allocation"},
					{"name" : "Retirement Planning"},
					{"name" : "Estate Planning"}
					]	
				},
				{
				"name" : "Wealth Managemant",
				"products" : [ 
					{"name" : "Time Deposites"},
					{"name" : "Equities"},
					{"name" : "Bonds"},
					{"name" : "Mutual Funds"},
					{"name" : "International Brokerage"}
					]	
				}
			]
		}]
}