{
    "name": "Lob Per Country",
	"size" : 6,
    "products": [	{
					"name": "Consumer Banking",
				   "country": "United Kingdom",
				   "details" : "description",
					"products": [ 
					   {"name": "Savings Accounts" , "products" : []},
					   {"name": "Credit Cards" , "products" : []},
					   {"name": "Mortgages", "products" : []},
					   {"name": "Home euity loans", "products" : []},
					   {"name": "personal loans", "products" : []}
					],
					"size":5
				},
				{
				   "name":"Samlla Business Banking",
				   "country": "United Kingdom",
				   "details" : "description",
				   "products":[
					  {"name":"Checking  Products"},
					  {"name":"Credit Products"},
					  {"name":"Cash Managemant"}
				   ],
				   "size":3
				},
				{
				   "name":"Property and Casualty Insurance",
				   "country": "United Kingdom",
				   "details" : "description",
				   "products":[{"name":"Umbrella Policy"},
					{"name":"Excess Insurance"},
					  {"name":"Commercial Auto"},
					  {"name":"State Disability"}
				   ],
				   "size":3
				},
				{
					"name": "Reinsurance",
					"country": "United States",
					"details" : "description",
					"products": [
					   {"name": "Casualty"},
					   {"name": "Property Catastrophe"},
					   {"name": "Property Risk"},
					   {"name": "Specialty"}
					],
					"size":4
				},
				{
				   "name":"Retail Brokerage",
				   "country": "United States",
				   "details" : "description",
				   "products":[
					  {"name":"Asset Allocation"},
					  {"name":"Retirement Planning"},
					  {"name":"Estate Planning"}
				   ],
					"size":3
				},
				{
				   "name":"Samlla Business Banking",
				   "country": "United States",
				   "details" : "description",
				   "products":[
					  {"name":"Checking  Products"},
					  {"name":"Credit Products"},
					  {"name":"Cash Managemant"}
				   ],
				   "size":3
				}
	]
}