{
    "name": "flare",
    "children": [
		{
			"name": "Luxembourg Branch (00315)",
			"country" : "United Kingdom",
			"children": [
				{
					"name": "BNY Mellon SA/NV, Luxembourg Branch (00315)","details":{"title":"BNY Mellon SA/NV, Luxembourg Branch (00315)",
						"body":"step 1: Legal Guidance <br/> step 2 & 3: Reg Permissions  <br/> Step 4: Product Capability  <br/> step 5: RAG or Other Considerations"},
					"children": [
					   {"name": "Legal guidance", "size":2822,"finalSize":4,"details":
							{"title":"legal guidance",
								"rating":3,
							"body":"BNYM does not currently have any local depositaries established in Denmark.  If you wish to explore the possibility of a BNYM Entity providing these types of depositary services in Denmark, please contact the BNYM legal team for further information and advice on a case-by-case basis."}},
					   {"name": "Reg Permissions", "size": 2822,"finalSize":4, "details":{"title":"Reg Permissions","body":"BNYM does not currently have any local depositaries established in Denmark.  If you wish to explore the possibility of a BNYM Entity providing these types of depositary services in Denmark, please contact the BNYM legal team for further information and advice on a case-by-case basis."}},
					   {"name": "Product Capability", "size": 2822,"finalSize":4, "details":{"title":"Product Capability","body":"BNY Mellon SA/NV, Luxembourg Branch (00315)"}},
					   {"name": "Other Considerations", "size":2822,"finalSize":4,"details":{"title":"Other Considerations","body":"Legal Entity not taking new business"}}
					],
					"finalSize":4
				}
			]  
		},    
    {
        "name": "BNYMIL",
		"country" : "United Kingdom",
        "children": [
            {
				"name": "Legal Entity Booking  waterfall Rule","details":{"title":"Legal Entity Booking  Waterfall Rule",
					"body":"step 1: Legal Guidance <br/> step 2 & 3: Reg Permissions <br/> Step 4: Product Capability <br/>step 5: RAG or Other Considerations"},
                "children": [
                   {"name": "Legal guidance", "size": 743,"finalSize":1},
                   {"name": "Reg Permissions", "size": 743,"finalSize":2},
                   {"name": "Product Capability", "size": 743,"finalSize":4},
                   {"name": "Other Considerations", "size": 743,"finalSize":1}
				],
				"finalSize":1
            }
        ]  
    },
    {
        "name": "Paris",
		"country" : "United kingdom",
        "children": [
            {
                "name": "Legal Entity Booking  waterfall Rule","details":{"title":"Legal Entity Booking  Waterfall Rule",
					"body":"step 1: Legal Guidance <br/> step 2 & 3: Reg Permissions <br/> Step 4: Product Capability <br/> step 5: RAG or Other Considerations"},
                "children": [
                   {"name": "Reg Permissions", "size": 743, "finalSize":1},
                   {"name": "Product Capability", "size": 743, "finalSize":1}
				],
				"finalSize":1
            }
        ]  
	}

	]
}